Id,TitleId,RealName,CharacterName,Role
101,1,Ernesto Mitchell,Charlene Gottlieb,Cinematographer
102,2,Frieda Leuschke,Chaim Windler,Cinematographer
103,2,Reinhold Huels,Braulio Hyatt,Production Designer
104,3,Reynold Nolan,Laurie Jacobs,Producer
105,3,Felicita Treutel,Sonya Ferry,Actor
106,4,Moriah Gerhold,Kim Rodriguez,Actress
107,5,Vicente Barton,Cornelius Bosco,Music Composer
108,6,Nellie Marvin,Alfonzo Daugherty,Actress
109,7,Clementina Casper,Drew Crooks,Cinematographer
110,7,Terrence Spencer,Buford Upton,Producer
111,8,Adelia Hammes,Mike Rohan,Cinematographer
112,9,Chanelle Schuster,Frances Schneider,Production Designer
113,10,Shyanne Jacobson,Rosalee Leuschke,Director
114,10,Luella Ziemann,Kennith Ratke,Actress
115,11,Josh Collins,Shanon Zboncak,Music Composer
116,11,Amparo Hirthe,Alfred Waelchi,Director
117,12,Rodrigo Gaylord,Maxie Schmeler,Director
118,13,Emery Boehm,Virginia Reichert,Production Designer
119,13,Jaden Dach,Austyn Kuhn,Director
120,13,Ronny Okuneva,Vicky Ritchie,Production Designer
121,14,Breanna VonRueden,Alvera Kutch,Producer
122,14,Dee Zboncak,Hudson Oberbrunner,Screenwriter
123,14,Raquel Wyman,Cyril Herman,Film Editor
124,14,Lauriane Blick,Joshua Schultz,Actress
125,15,Elisabeth Hansen,Erika Zboncak,Production Designer
126,15,Kelley Hamill,Quinn Herzog,Producer
127,15,Foster Hudson,Bryana Blick,Producer
128,15,Jennifer Powlowski,Braulio Klocko,Actress
129,16,Makayla Torphy,Griffin Kertzmann,Film Editor
130,16,Myrl Vandervort,Georgette Considine,Director
131,16,Ruth Hilll,Alva Mills,Film Editor
132,17,Rhea Muller,Winfield Gutkowski,Cinematographer
133,17,Nannie Zemlak,Domenic Cartwright,Music Composer
134,17,Skyla Gislason,Boyd Labadie,Actor
135,18,Wilhelm Predovic,Kenneth McLaughlin,Actress
136,19,Cleta Johnson,Annabell Oberbrunner,Screenwriter
137,19,Lily Tromp,Charlie Bahringer,Production Designer
138,19,Bobbie Vandervort,Milford Bins,Cinematographer
139,20,Adonis Weissnat,Ollie O'Kon,Costume Designer
140,21,Jalon Kertzmann,Samir Nicolas,Actor
141,21,Sydnie Rogahn,Javier Volkman,Screenwriter
142,22,Emilio Altenwerth,Sigurd Hansen,Music Composer
143,22,Nicholaus Greenfelder,Adah Raynor,Screenwriter
144,22,Earnestine Morissette,Alexanne Harris,Actor
145,22,Ottilie Sporer,Rodolfo Bartell,Actor
146,23,Laron Zieme,Lavinia Lubowitz,Actress
147,24,Alessia Ruecker,Aglae Tillman,Costume Designer
148,24,Rosendo Kuphal,Ines Bruen,Production Designer
149,24,Xavier King,Arvid Klocko,Cinematographer
150,24,Rowena Keeling,Russel Will,Production Designer
151,25,Theresia Senger,Alf O'Hara,Cinematographer
152,25,Xander Jaskolski,Delpha Trantow,Actress
153,25,Graciela Emard,Kareem Hilpert,Screenwriter
154,25,Dulce Braun,Donnie Klein,Costume Designer
155,26,Dedric Stanton,Madelynn Cummings,Screenwriter
156,26,Virginia Keebler,Savion Keebler,Producer
157,26,Susanna Jones,Avery Strosin,Film Editor
158,26,Vergie Wolff,Troy Langworth,Screenwriter
159,27,Lisette Oberbrunner,Chyna Bartell,Screenwriter
160,27,Braeden Price,Grace Turner,Actor
161,28,Janie Klein,Jillian Will,Production Designer
162,28,Bettie Effertz,Louie Wiza,Actress
163,28,Jazlyn Boyer,Charity Huels,Producer
164,29,Gregory Runte,Gina Rosenbaum,Film Editor
165,29,Eldred Krajcik,Gilberto Trantow,Actor
166,29,Malinda Bogan,Rylan Predovic,Production Designer
167,29,Amani Kerluke,Leon Runolfsdottir,Actor
168,30,Ervin Gutmann,Luna Nader,Screenwriter
169,30,Desmond Labadie,Otha Goldner,Director
170,31,Adelle Wisoky,Dawson Hartmann,Production Designer
171,32,Jeffery Kertzmann,Annie Berge,Film Editor
172,32,Anna Tillman,Jamaal Baumbach,Actor
173,33,Chris Blick,Cindy Willms,Costume Designer
174,33,Gregory Kemmer,Naomi Buckridge,Actor
175,33,Kirk Nader,Daisy McGlynn,Music Composer
176,34,Alvah Hahn,Meagan Effertz,Production Designer
177,34,Evelyn Heller,Aditya Parisian,Actor
178,34,Harmony Morissette,Alexandria Towne,Actress
179,35,Tyra Borer,Yadira Bradtke,Production Designer
180,35,Wendy Maggio,Christopher Hodkiewicz,Production Designer
181,35,Citlalli Sipes,Wallace Cartwright,Production Designer
182,36,Frank Spencer,June Thompson,Actress
183,36,Clyde Orn,Kenneth Mante,Music Composer
184,36,Alysa Kreiger,Hector Paucek,Producer
185,36,Ashly Hagenes,Deshaun Donnelly,Cinematographer
186,37,Blaise Hudson,Lawrence Willms,Cinematographer
187,38,Percy Runolfsdottir,Victor Koepp,Film Editor
188,39,Tad Zieme,Otilia Bailey,Screenwriter
189,39,Maxime Ledner,Benedict Rodriguez,Screenwriter
190,40,Jan Donnelly,Randy Goodwin,Director
191,41,Destini Blanda,Cheyenne Gibson,Actor
192,41,King Thompson,Jessyca Muller,Film Editor
193,42,Casey Windler,Antwan Muller,Actor
194,42,Lonny Reichel,Aniyah Sporer,Producer
195,42,Lucas Kulas,Maritza Pfeffer,Film Editor
196,43,Kiel Mante,Keenan Runte,Producer
197,43,Ellie Greenholt,Hailey Treutel,Film Editor
198,43,Myriam Hartmann,Michelle Smitham,Costume Designer
199,44,Soledad Abshire,Howell Harber,Film Editor
200,44,Kristin Tillman,Isabelle Rogahn,Actress
201,45,Dejuan Fisher,Misael Weber,Cinematographer
202,45,Krystal Wilkinson,Monserrat Grimes,Director
203,45,Christine Smitham,Brianne D'Amore,Production Designer
204,46,Eloy Stroman,Trystan Balistreri,Cinematographer
205,46,Shane Gleichner,Rosetta O'Connell,Actress
206,46,Nona Bergnaum,Nikita Kirlin,Director
207,46,Geovanny Feeney,Jayson Jenkins,Actor
208,47,Aliyah Kiehn,Deshawn Thompson,Costume Designer
209,47,Jaiden Hodkiewicz,Camren O'Connell,Actress
210,48,Lester Jast,Kari Bartell,Costume Designer
211,49,Maxime Lockman,Kaleigh Hirthe,Screenwriter
212,50,Louie Leffler,Liana Von,Production Designer
213,50,Arianna Green,Meghan Walker,Actor
214,50,Frederik Turner,Guiseppe Bosco,Costume Designer
215,51,Estrella Paucek,Pattie Berge,Screenwriter
216,51,Domenick Goodwin,Lauriane Fay,Screenwriter
217,51,Edd Prohaska,Leonardo Hintz,Director
218,51,Zack Wyman,Alf Mayer,Production Designer
219,52,Amie Adams,Christophe Dicki,Producer
220,52,Mireille Swift,Jailyn Huels,Music Composer
221,52,Kyla Haag,Violet Cummerata,Cinematographer
222,52,Mazie Pouros,Herminia Morissette,Producer
223,53,Aubrey Treutel,Domenica Johnston,Music Composer
224,53,Julio Crona,Noemy Schamberger,Costume Designer
225,53,Angelina Johns,Dylan Lehner,Cinematographer
226,54,Walton Botsford,Dillan Strosin,Actress
227,54,Jordy Grimes,Odell Adams,Costume Designer
228,54,Cleo Nitzsche,Sam Pfeffer,Production Designer
229,55,Cristal Schowalter,Lesly Douglas,Producer
230,55,Glen Kuphal,Rosemarie Bartell,Cinematographer
231,56,Aidan Moore,Brandy Boyle,Actress
232,56,Nathanial Sawayn,Roderick Bashirian,Costume Designer
233,57,Garry Wisozk,Mariam O'Kon,Production Designer
234,57,Leta Stanton,Carrie Wyman,Actress
235,58,Chloe Hickle,Davion Bernier,Producer
236,58,Karlie Barrows,Lina Dietrich,Costume Designer
237,58,Chelsea Monahan,Vernie Dare,Actor
238,58,Clinton Bins,Adella Schuster,Costume Designer
239,59,Murphy Gaylord,Bettye Jenkins,Actor
240,59,Mateo Mosciski,Marjory Herman,Cinematographer
241,59,Uriah Fahey,Lavada Hackett,Costume Designer
242,59,Kellie Ernser,Harmony Bahringer,Production Designer
243,60,Nina Hoeger,Cloyd Lubowitz,Actor
244,60,Vaughn Brown,Beryl Dickens,Cinematographer
245,61,Carli Haag,Kenna Jenkins,Actress
246,61,Perry Quitzon,Pietro Little,Film Editor
247,61,Wallace Friesen,Lula Mills,Film Editor
248,61,Jillian Beatty,Stevie Abbott,Screenwriter
249,62,Aubrey Spencer,Garret Yundt,Costume Designer
250,62,Maia Bogan,Dock O'Hara,Screenwriter
251,63,Lewis Muller,Maurine Cummings,Producer
252,64,Jennyfer Mertz,Jerod Feest,Actor
253,64,Rowena Runte,Wilfred Ondricka,Music Composer
254,65,Edwin Trantow,Elvera Deckow,Music Composer
255,65,Kirstin Littel,Holden Glover,Cinematographer
256,65,Cristina Prosacco,Colt Armstrong,Producer
257,65,Amiya Stoltenberg,Ian Beahan,Music Composer
258,66,Glen Gusikowski,Macey Bahringer,Director
259,66,Delphine Murazik,Reid O'Hara,Costume Designer
260,66,Luigi Dicki,Delores Gorczany,Film Editor
261,67,Mercedes Halvorson,Adelbert DuBuque,Costume Designer
262,67,Joana Watsica,Alexandrine Miller,Production Designer
263,67,Thad Lehner,Augusta Keeling,Film Editor
264,68,Leila Corwin,Zack Cronin,Production Designer
265,69,Lenna Hermann,Rickie Thiel,Actress
266,70,Fae Terry,Emile Dickinson,Actress
267,70,Giovanni Hartmann,Hal Ryan,Music Composer
268,71,Darius Okuneva,Aryanna Willms,Costume Designer
269,71,Hobart Schmeler,Reanna Dietrich,Cinematographer
270,72,Eli Pacocha,Darrion Hansen,Costume Designer
271,72,Miles O'Kon,Melyna Glover,Film Editor
272,72,Taryn Bins,Margaret Rogahn,Costume Designer
273,72,Tomasa Sauer,Roger Hayes,Director
274,73,Jessie Huels,Mariam Dickinson,Producer
275,74,Ethelyn Brown,Lucius Gerhold,Costume Designer
276,74,Garret Lehner,Abigayle Hackett,Producer
277,74,Weldon Windler,Davon Glover,Film Editor
278,75,Gail Feeney,Jeffery Wunsch,Cinematographer
279,75,Eula Willms,Jedediah Donnelly,Actor
280,75,Royal Hermiston,Carmelo Wintheiser,Actor
281,76,Lee Littel,Astrid Stoltenberg,Director
282,76,Easter Vandervort,Bianka Beatty,Music Composer
283,76,Kane Smith,Myah Little,Cinematographer
284,76,Ceasar Klocko,Baylee Gusikowski,Actress
285,77,Felicity Feil,Philip Towne,Actress
286,77,Douglas Borer,Keara Stamm,Music Composer
287,78,Nash Paucek,Bernard Mitchell,Actress
288,78,Irma Fay,Eulah Cronin,Actor
289,79,Jordon Corwin,Rosemarie Schiller,Costume Designer
290,79,Dovie Bahringer,Dulce Hagenes,Screenwriter
291,79,Alfonzo Spinka,Christophe Rohan,Film Editor
292,80,Toney Tremblay,Matteo Nicolas,Music Composer
293,80,Lourdes Von,Orlando Auer,Costume Designer
294,80,Napoleon Hoppe,Josianne Wilderman,Cinematographer
295,80,Carmela Barrows,Cindy Fahey,Costume Designer
296,81,Stephany Mraz,Frances Runolfsdottir,Screenwriter
297,81,Tiffany Zulauf,Hillard D'Amore,Music Composer
298,81,Kassandra Bernhard,Anissa Larkin,Actress
299,81,Gerard Volkman,Coleman Kub,Music Composer
300,82,Russel Harvey,Edward Ryan,Costume Designer
301,82,Madie Jerde,Angelina Gislason,Director
302,82,Reina Braun,Clinton Kertzmann,Producer
303,83,Katharina Schultz,Marion Schultz,Screenwriter
304,83,Kennedy Fay,Elian Schiller,Actress
305,83,Jerrold Lind,Garret Blick,Director
306,84,Jose Hilpert,Lula Hegmann,Actress
307,84,Carlo Schimmel,Flossie Stanton,Cinematographer
308,84,Alessandra Koelpin,Hattie Kuhlman,Music Composer
309,84,Alisa Osinski,Vito Romaguera,Actor
310,85,Lula Kub,Noel Corwin,Cinematographer
311,85,Francisca Koelpin,Boyd Harvey,Cinematographer
312,85,Emily Kihn,Deion Wolf,Music Composer
313,86,Adalberto Swaniawski,Alyson Becker,Music Composer
314,86,Dejuan Leannon,Deonte Osinski,Screenwriter
315,87,Arielle Bailey,Raina Roberts,Costume Designer
316,88,Else Frami,Jedediah Ullrich,Production Designer
317,89,Ned Mraz,Eunice Yost,Director
318,89,Dallas Runte,Rebekah Wuckert,Costume Designer
319,89,Zakary Doyle,Chaim Zieme,Film Editor
320,89,Willard Franecki,Montana Lakin,Screenwriter
321,90,Abner Hegmann,Graciela Stiedemann,Screenwriter
322,90,Elouise Spinka,Jimmie McDermott,Music Composer
323,91,Tianna Jenkins,Demond Haley,Actress
324,91,Bessie Heathcote,Emmitt Walker,Actress
325,91,Onie Altenwerth,Dedrick Wiegand,Actress
326,91,Shany Bruen,Aliya Brown,Production Designer
327,92,Eino Corwin,Imelda Mills,Actor
328,92,Chad O'Reilly,Anissa Berge,Director
329,93,Marco O'Keefe,Clara Considine,Cinematographer
330,93,Emerald Hessel,Marty Marvin,Producer
331,94,Shanelle Spencer,Jameson Macejkovic,Screenwriter
332,94,Berniece Murray,Natalie Hickle,Actress
333,94,Titus Leannon,Novella Ernser,Costume Designer
334,94,Madilyn Rippin,Johathan Jones,Actor
335,95,Kailee Bartell,Nikko Pfeffer,Actor
336,95,Carson Weimann,Jacynthe Weissnat,Actor
337,95,Jeromy Bergstrom,Brooklyn Emmerich,Actor
338,95,Avery Watsica,Esmeralda Kub,Actress
339,96,Reece Batz,Diego Strosin,Actor
340,96,Kadin Wilkinson,Katheryn Pollich,Director
341,96,Lowell Hammes,Priscilla Gorczany,Production Designer
342,97,Nova Williamson,Edyth Rohan,Cinematographer
343,97,Kim Crist,Jack Ryan,Screenwriter
344,98,Everette Heaney,Zachery Huel,Producer
345,99,Montana Stark,Briana Mertz,Music Composer
346,99,Ismael Denesik,Cindy Schuppe,Cinematographer
347,99,Fay Kassulke,Tavares Huel,Music Composer
348,100,Marguerite Marquardt,Devante Crist,Screenwriter
